TID,EN,ZH
String,String,String
TID_COOKIES,#Number# Cookies,#Number# 饼干
TID_CPS,+#Number# Cookies per secend!,+#Number# 饼干每秒
TID_CURSOR_DISPLAYNAME,Cursor,鼠标
TID_CURSOR_DESC,Autoclicks once every 10 seconds.,每10秒点一次
TID_GRANDMA_DISPLAYNAME,Grandma,奶奶
TID_GRANDMA_DESC,A nice grandma to bake more cookies.,会做饼干的老奶奶~
TID_FARM_DISPLAYNAME,Farm,农场
TID_FARM_DESC,Grows cookie plants from cookie seeds.,种饼干得饼干
TID_FACTORY_DISPLAYNAME,Factory,工厂
TID_FACTORY_DESC,Produces large quantities of cookies.,现代化的饼干工厂
TID_MINE_DISPLAYNAME,Mine,矿
TID_MINE_DESC,Mines out cookie dough and chocolate chips.,蕴含丰富的饼干原料
TID_SHIPMENT_DISPLAYNAME,Shipment,饼干火箭
TID_SHIPMENT_DESC,Brings in fresh cookies from the cookie planet.,从遥远的饼干星球运来新鲜的饼干
TID_ALCHEMY_LAB_DISPLAYNAME,Alchemy lab,炼金室
TID_ALCHEMY_LAB_DESC,Turns gold into cookies!,30克金+30克硒=1kg饼干
TID_PORTAL_DISPLAYNAME,Portal,宇宙之门
TID_PORTAL_DESC,Opens a door to the Cookieverse.,通往饼干宇宙的门…
TID_TIME_MACHINE_DISPLAYNAME,Time machine,时光机
TID_TIME_MACHINE_DESC,"Brings cookies from the past, before they were even eaten.",把已经吃掉的饼干变回来!
TID_ANTIMATTER_CONDENSER_DISPLAYNAME,Antimatter condenser,反物质堆
TID_ANTIMATTER_CONDENSER_DESC,Condenses the antimatter in the universe into cookies.,将宇宙中的反物质凝成饼干…
TID_PRISM_DISPLAYNAME,Prism,棱镜
TID_PRISM_DESC,Converts light itself into cookies.,神说:有光就有饼干!
TID_UPGRADE_DISPLAYNAME_REINFORCED_INDEX_FINGER,Reinforced index finger
TID_UPGRADE_DESC_REINFORCED_INDEX_FINGER,The mouse gains +1 cookie per click.Cursors gain +0.1 base CpS.prod prod
TID_UPGRADE_DISPLAYNAME_CARPAL_TUNNEL_PREVENTION_CREAM,Carpal tunnel prevention cream
TID_UPGRADE_DESC_CARPAL_TUNNEL_PREVENTION_CREAM,The mouse and cursors are twice as efficient.it... it hurts to click...
TID_UPGRADE_DISPLAYNAME_AMBIDEXTROUS,Ambidextrous
TID_UPGRADE_DESC_AMBIDEXTROUS,"The mouse and cursors are twice as efficient.Look ma, both hands!"
TID_UPGRADE_DISPLAYNAME_THOUSAND_FINGERS,Thousand fingers
TID_UPGRADE_DESC_THOUSAND_FINGERS,The mouse and cursors gain +0.1 cookies for each non-cursor object owned.clickity
TID_UPGRADE_DISPLAYNAME_MILLION_FINGERS,Million fingers
TID_UPGRADE_DESC_MILLION_FINGERS,The mouse and cursors gain +0.5 cookies for each non-cursor object owned.clickityclickity
TID_UPGRADE_DISPLAYNAME_BILLION_FINGERS,Billion fingers
TID_UPGRADE_DESC_BILLION_FINGERS,The mouse and cursors gain +2 cookies for each non-cursor object owned.clickityclickityclickity
TID_UPGRADE_DISPLAYNAME_TRILLION_FINGERS,Trillion fingers
TID_UPGRADE_DESC_TRILLION_FINGERS,The mouse and cursors gain +10 cookies for each non-cursor object owned.clickityclickityclickityclickity
TID_UPGRADE_DISPLAYNAME_FORWARDS_FROM_GRANDMA,Forwards from grandma
TID_UPGRADE_DESC_FORWARDS_FROM_GRANDMA,Grandmas gain +0.3 base CpS.RE:RE:thought you'd get a kick out of this ;))
TID_UPGRADE_DISPLAYNAME_STEEL_PLATED_ROLLING_PINS,Steel-plated rolling pins
TID_UPGRADE_DESC_STEEL_PLATED_ROLLING_PINS,Grandmas are twice as efficient.Just what you kneaded.
TID_UPGRADE_DISPLAYNAME_LUBRICATED_DENTURES,Lubricated dentures
TID_UPGRADE_DESC_LUBRICATED_DENTURES,Grandmas are twice as efficient.squish
TID_UPGRADE_DISPLAYNAME_CHEAP_HOES,Cheap hoes
TID_UPGRADE_DESC_CHEAP_HOES,Farms gain +1 base CpS.Rake in the dough!
TID_UPGRADE_DISPLAYNAME_FERTILIZER,Fertilizer
TID_UPGRADE_DESC_FERTILIZER,"Farms are twice as efficient.It's chocolate, I swear."
TID_UPGRADE_DISPLAYNAME_COOKIE_TREES,Cookie trees
TID_UPGRADE_DESC_COOKIE_TREES,Farms are twice as efficient.A relative of the breadfruit.
TID_UPGRADE_DISPLAYNAME_STURDIER_CONVEYOR_BELTS,Sturdier conveyor belts
TID_UPGRADE_DESC_STURDIER_CONVEYOR_BELTS,Factories gain +4 base CpS.You're going places.
TID_UPGRADE_DISPLAYNAME_CHILD_LABOR,Child labor
TID_UPGRADE_DESC_CHILD_LABOR,"Factories are twice as efficient.Cheaper, healthier workforce."
TID_UPGRADE_DISPLAYNAME_SWEATSHOP,Sweatshop
TID_UPGRADE_DESC_SWEATSHOP,Factories are twice as efficient.Slackers will be terminated.
TID_UPGRADE_DISPLAYNAME_SUGAR_GAS,Sugar gas
TID_UPGRADE_DESC_SUGAR_GAS,"Mines gain +10 base CpS.A pink, volatile gas, found in the depths of some chocolate caves."
TID_UPGRADE_DISPLAYNAME_MEGADRILL,Megadrill
TID_UPGRADE_DESC_MEGADRILL,Mines are twice as efficient.You're in deep.
TID_UPGRADE_DISPLAYNAME_ULTRADRILL,Ultradrill
TID_UPGRADE_DESC_ULTRADRILL,Mines are twice as efficient.Finally caved in?
TID_UPGRADE_DISPLAYNAME_VANILLA_NEBULAE,Vanilla nebulae
TID_UPGRADE_DESC_VANILLA_NEBULAE,"Shipments gain +30 base CpS.If you removed your space helmet, you could probably smell it!(Note : don't do that.)"
TID_UPGRADE_DISPLAYNAME_WORMHOLES,Wormholes
TID_UPGRADE_DESC_WORMHOLES,"Shipments are twice as efficient.By using these as shortcuts, your ships can travel much faster."
TID_UPGRADE_DISPLAYNAME_FREQUENT_FLYER,Frequent flyer
TID_UPGRADE_DESC_FREQUENT_FLYER,Shipments are twice as efficient.Come back soon!
TID_UPGRADE_DISPLAYNAME_ANTIMONY,Antimony
TID_UPGRADE_DESC_ANTIMONY,Alchemy labs gain +100 base CpS.Actually worth a lot of mony.
TID_UPGRADE_DISPLAYNAME_ESSENCE_OF_DOUGH,Essence of dough
TID_UPGRADE_DESC_ESSENCE_OF_DOUGH,Alchemy labs are twice as efficient.Extracted through the 5 ancient steps of alchemical baking.
TID_UPGRADE_DISPLAYNAME_TRUE_CHOCOLATE,True chocolate
TID_UPGRADE_DESC_TRUE_CHOCOLATE,Alchemy labs are twice as efficient.The purest form of cacao.
TID_UPGRADE_DISPLAYNAME_ANCIENT_TABLET,Ancient tablet
TID_UPGRADE_DESC_ANCIENT_TABLET,"Portals gain +1,666 base CpS.A strange slab of peanut brittle, holding an ancient cookie recipe. Neat!"
TID_UPGRADE_DISPLAYNAME_INSANE_OATLING_WORKERS,Insane oatling workers
TID_UPGRADE_DESC_INSANE_OATLING_WORKERS,"Portals are twice as efficient.ARISE, MY MINIONS!"
TID_UPGRADE_DISPLAYNAME_SOUL_BOND,Soul bond
TID_UPGRADE_DESC_SOUL_BOND,"Portals are twice as efficient.So I just sign up and get more cookies? Sure, whatever!"
TID_UPGRADE_DISPLAYNAME_FLUX_CAPACITORS,Flux capacitors
TID_UPGRADE_DESC_FLUX_CAPACITORS,"Time machines gain +9,876 base CpS.Bake to the future."
TID_UPGRADE_DISPLAYNAME_TIME_PARADOX_RESOLVER,Time paradox resolver
TID_UPGRADE_DESC_TIME_PARADOX_RESOLVER,Time machines are twice as efficient.No more fooling around with your own grandmother!
TID_UPGRADE_DISPLAYNAME_QUANTUM_CONUNDRUM,Quantum conundrum
TID_UPGRADE_DESC_QUANTUM_CONUNDRUM,"Time machines are twice as efficient.There is only one constant, and that is universal uncertainty.Or is it?"
TID_UPGRADE_DISPLAYNAME_KITTEN_HELPERS,Kitten helpers
TID_UPGRADE_DESC_KITTEN_HELPERS,You gain more CpS the more milk you have.meow may I help you
TID_UPGRADE_DISPLAYNAME_KITTEN_WORKERS,Kitten workers
TID_UPGRADE_DESC_KITTEN_WORKERS,You gain more CpS the more milk you have.meow meow meow meow
TID_UPGRADE_DISPLAYNAME_OATMEAL_RAISIN_COOKIES,Oatmeal raisin cookies
TID_UPGRADE_DESC_OATMEAL_RAISIN_COOKIES,Cookie production multiplier +5%.No raisin to hate these.
TID_UPGRADE_DISPLAYNAME_PEANUT_BUTTER_COOKIES,Peanut butter cookies
TID_UPGRADE_DESC_PEANUT_BUTTER_COOKIES,Cookie production multiplier +5%.Get yourself some jam cookies!
TID_UPGRADE_DISPLAYNAME_PLAIN_COOKIES,Plain cookies
TID_UPGRADE_DESC_PLAIN_COOKIES,Cookie production multiplier +5%.Meh.
TID_UPGRADE_DISPLAYNAME_COCONUT_COOKIES,Coconut cookies
TID_UPGRADE_DESC_COCONUT_COOKIES,Cookie production multiplier +5%.These are *way* flaky.
TID_UPGRADE_DISPLAYNAME_WHITE_CHOCOLATE_COOKIES,White chocolate cookies
TID_UPGRADE_DESC_WHITE_CHOCOLATE_COOKIES,Cookie production multiplier +5%.I know what you'll say. It's just cocoa butter! It's not real chocolate!Oh please.
TID_UPGRADE_DISPLAYNAME_MACADAMIA_NUT_COOKIES,Macadamia nut cookies
TID_UPGRADE_DESC_MACADAMIA_NUT_COOKIES,Cookie production multiplier +5%.They're macadamn delicious!
TID_UPGRADE_DISPLAYNAME_DOUBLE_CHIP_COOKIES,Double-chip cookies
TID_UPGRADE_DESC_DOUBLE_CHIP_COOKIES,Cookie production multiplier +10%.DOUBLE THE CHIPSDOUBLE THE TASTY(double the calories)
TID_UPGRADE_DISPLAYNAME_SUGAR_COOKIES,Sugar cookies
TID_UPGRADE_DESC_SUGAR_COOKIES,"Cookie production multiplier +5%.Tasty, if a little unimaginative."
TID_UPGRADE_DISPLAYNAME_WHITE_CHOCOLATE_MACADAMIA_NUT_COOKIES,White chocolate macadamia nut cookies
TID_UPGRADE_DESC_WHITE_CHOCOLATE_MACADAMIA_NUT_COOKIES,Cookie production multiplier +10%.Orteil's favorite.
TID_UPGRADE_DISPLAYNAME_ALL_CHOCOLATE_COOKIES,All-chocolate cookies
TID_UPGRADE_DESC_ALL_CHOCOLATE_COOKIES,Cookie production multiplier +10%.CHOCOVERDOSE.
TID_UPGRADE_DISPLAYNAME_QUADRILLION_FINGERS,Quadrillion fingers
TID_UPGRADE_DESC_QUADRILLION_FINGERS,The mouse and cursors gain +20 cookies for each non-cursor object owned.clickityclickityclickityclickityclick
TID_UPGRADE_DISPLAYNAME_PRUNE__UICE,Prune juice
TID_UPGRADE_DESC_PRUNE__UICE,Grandmas are twice as efficient.Gets me going.
TID_UPGRADE_DISPLAYNAME_GENETICALLY_MODIFIED_COOKIES,Genetically-modified cookies
TID_UPGRADE_DESC_GENETICALLY_MODIFIED_COOKIES,Farms are twice as efficient.All-natural mutations.
TID_UPGRADE_DISPLAYNAME_RADIUM_REACTORS,Radium reactors
TID_UPGRADE_DESC_RADIUM_REACTORS,Factories are twice as efficient.Gives your cookies a healthy glow.
TID_UPGRADE_DISPLAYNAME_ULTIMADRILL,Ultimadrill
TID_UPGRADE_DESC_ULTIMADRILL,"Mines are twice as efficient.Pierce the heavens, etc."
TID_UPGRADE_DISPLAYNAME_WARP_DRIVE,Warp drive
TID_UPGRADE_DESC_WARP_DRIVE,Shipments are twice as efficient.To boldly bake.
TID_UPGRADE_DISPLAYNAME_AMBROSIA,Ambrosia
TID_UPGRADE_DESC_AMBROSIA,Alchemy labs are twice as efficient.Adding this to the cookie mix is sure to make them even more addictive!Perhaps dangerously so.Let's hope you can keep selling these legally.
TID_UPGRADE_DISPLAYNAME_SANITY_DANCE,Sanity dance
TID_UPGRADE_DESC_SANITY_DANCE,Portals are twice as efficient.We can change if we want to.We can leave our brains behind.
TID_UPGRADE_DISPLAYNAME_CAUSALITY_ENFORCER,Causality enforcer
TID_UPGRADE_DESC_CAUSALITY_ENFORCER,"Time machines are twice as efficient.What happened, happened."
TID_UPGRADE_DISPLAYNAME_LUCKY_DAY,Lucky day
TID_UPGRADE_DESC_LUCKY_DAY,"Golden cookies appear twice as often and stay twice as long.Oh hey, a four-leaf penny!"
TID_UPGRADE_DISPLAYNAME_SERENDIPITY,Serendipity
TID_UPGRADE_DESC_SERENDIPITY,Golden cookies appear twice as often and stay twice as long.What joy! Seven horseshoes!
TID_UPGRADE_DISPLAYNAME_KITTEN_ENGINEERS,Kitten engineers
TID_UPGRADE_DESC_KITTEN_ENGINEERS,"You gain more CpS the more milk you have.meow meow meow meow, sir"
TID_UPGRADE_DISPLAYNAME_DARK_CHOCOLATE_COATED_COOKIES,Dark chocolate-coated cookies
TID_UPGRADE_DESC_DARK_CHOCOLATE_COATED_COOKIES,Cookie production multiplier +15%.These absorb light so well you almost need to squint to see them.
TID_UPGRADE_DISPLAYNAME_WHITE_CHOCOLATE_COATED_COOKIES,White chocolate-coated cookies
TID_UPGRADE_DESC_WHITE_CHOCOLATE_COATED_COOKIES,Cookie production multiplier +15%.These dazzling cookies absolutely glisten with flavor.
TID_UPGRADE_DISPLAYNAME_FARMER_GRANDMAS,Farmer grandmas
TID_UPGRADE_DESC_FARMER_GRANDMAS,Grandmas are twice as efficient.A nice farmer to grow more cookies.
TID_UPGRADE_DISPLAYNAME_WORKER_GRANDMAS,Worker grandmas
TID_UPGRADE_DESC_WORKER_GRANDMAS,Grandmas are twice as efficient.A nice worker to manufacture more cookies.
TID_UPGRADE_DISPLAYNAME_MINER_GRANDMAS,Miner grandmas
TID_UPGRADE_DESC_MINER_GRANDMAS,Grandmas are twice as efficient.A nice miner to dig more cookies.
TID_UPGRADE_DISPLAYNAME_COSMIC_GRANDMAS,Cosmic grandmas
TID_UPGRADE_DESC_COSMIC_GRANDMAS,Grandmas are twice as efficient.A nice thing to... uh... cookies.
TID_UPGRADE_DISPLAYNAME_TRANSMUTED_GRANDMAS,Transmuted grandmas
TID_UPGRADE_DESC_TRANSMUTED_GRANDMAS,Grandmas are twice as efficient.A nice golden grandma to convert into more cookies.
TID_UPGRADE_DISPLAYNAME_ALTERED_GRANDMAS,Altered grandmas
TID_UPGRADE_DESC_ALTERED_GRANDMAS,Grandmas are twice as efficient.a NiCe GrAnDmA tO bA##########
TID_UPGRADE_DISPLAYNAME_GRANDMAS__GRANDMAS,Grandmas' grandmas
TID_UPGRADE_DESC_GRANDMAS__GRANDMAS,Grandmas are twice as efficient.A nice grandma's nice grandma to bake double the cookies.
TID_UPGRADE_DISPLAYNAME_BINGO_CENTER_RESEARCH_FACILITY,Bingo center/Research facility
TID_UPGRADE_DESC_BINGO_CENTER_RESEARCH_FACILITY,Grandma-operated science lab and leisure club.Grandmas are 4 times as efficient.Regularly unlocks new upgrades.What could possibly keep those grandmothers in check?...Bingo.
TID_UPGRADE_DISPLAYNAME_SPECIALIZED_CHOCOLATE_CHIPS,Specialized chocolate chips
TID_UPGRADE_DESC_SPECIALIZED_CHOCOLATE_CHIPS,"[Research]Cookie production multiplier +1%.Computer-designed chocolate chips. Computer chips, if you will."
TID_UPGRADE_DISPLAYNAME_DESIGNER_COCOA_BEANS,Designer cocoa beans
TID_UPGRADE_DESC_DESIGNER_COCOA_BEANS,[Research]Cookie production multiplier +2%.Now more aerodynamic than ever!
TID_UPGRADE_DISPLAYNAME_RITUAL_ROLLING_PINS,Ritual rolling pins
TID_UPGRADE_DESC_RITUAL_ROLLING_PINS,[Research]Grandmas are twice as efficient.The result of years of scientific research!
TID_UPGRADE_DISPLAYNAME_UNDERWORLD_OVENS,Underworld ovens
TID_UPGRADE_DESC_UNDERWORLD_OVENS,"[Research]Cookie production multiplier +3%.Powered by science, of course!"
TID_UPGRADE_DISPLAYNAME_ONE_MIND,One mind
TID_UPGRADE_DESC_ONE_MIND,[Research]Each grandma gains +1 base CpS for every 50 grandmas.Note : the grandmothers are growing restless. Do not encourage them.We are one. We are many.
TID_UPGRADE_DISPLAYNAME_EXOTIC_NUTS,Exotic nuts
TID_UPGRADE_DESC_EXOTIC_NUTS,[Research]Cookie production multiplier +4%.You'll go crazy over these!
TID_UPGRADE_DISPLAYNAME_COMMUNAL_BRAINSWEEP,Communal brainsweep
TID_UPGRADE_DESC_COMMUNAL_BRAINSWEEP,[Research]Each grandma gains another +1 base CpS for every 50 grandmas.Note : proceeding any further in scientific research may have unexpected results. You have been warned.We fuse. We merge. We grow.
TID_UPGRADE_DISPLAYNAME_ARCANE_SUGAR,Arcane sugar
TID_UPGRADE_DESC_ARCANE_SUGAR,"[Research]Cookie production multiplier +5%.Tastes like insects, ligaments, and molasses."
TID_UPGRADE_DISPLAYNAME_ELDER_PACT,Elder Pact
TID_UPGRADE_DESC_ELDER_PACT,[Research]Each grandma gains +1 base CpS for every 20 portals.Note : this is a bad idea.squirm crawl slither writhetoday we rise
TID_UPGRADE_DISPLAYNAME_ELDER_PLEDGE,Elder Pledge
TID_UPGRADE_DESC_ELDER_PLEDGE,"[Repeatable]Contains the wrath of the elders, at least for a while.This is a simple ritual involving anti-aging cream, cookie batter mixed in the moonlight, and a live chicken."
TID_UPGRADE_DISPLAYNAME_PLASTIC_MOUSE,Plastic mouse
TID_UPGRADE_DESC_PLASTIC_MOUSE,Clicking gains +1% of your CpS.Slightly squeaky.
TID_UPGRADE_DISPLAYNAME_IRON_MOUSE,Iron mouse
TID_UPGRADE_DESC_IRON_MOUSE,Clicking gains +1% of your CpS.Click like it's 1349!
TID_UPGRADE_DISPLAYNAME_TITANIUM_MOUSE,Titanium mouse
TID_UPGRADE_DESC_TITANIUM_MOUSE,"Clicking gains +1% of your CpS.Heavy, but powerful."
TID_UPGRADE_DISPLAYNAME_ADAMANTIUM_MOUSE,Adamantium mouse
TID_UPGRADE_DESC_ADAMANTIUM_MOUSE,Clicking gains +1% of your CpS.You could cut diamond with these.
TID_UPGRADE_DISPLAYNAME_ULTRASCIENCE,Ultrascience
TID_UPGRADE_DESC_ULTRASCIENCE,"Research takes only 5 seconds.YEAH, SCIENCE!"
TID_UPGRADE_DISPLAYNAME_ECLIPSE_COOKIES,Eclipse cookies
TID_UPGRADE_DESC_ECLIPSE_COOKIES,Cookie production multiplier +15%.Look to the cookie.
TID_UPGRADE_DISPLAYNAME_ZEBRA_COOKIES,Zebra cookies
TID_UPGRADE_DESC_ZEBRA_COOKIES,Cookie production multiplier +15%....
TID_UPGRADE_DISPLAYNAME_QUINTILLION_FINGERS,Quintillion fingers
TID_UPGRADE_DESC_QUINTILLION_FINGERS,"The mouse and cursors gain +100 cookies for each non-cursor object owned.man, just go click click click click click, it's real easy, man."
TID_UPGRADE_DISPLAYNAME_GOLD_HOARD,Gold hoard
TID_UPGRADE_DESC_GOLD_HOARD,Golden cookies appear really often.That's entirely too many.
TID_UPGRADE_DISPLAYNAME_ELDER_COVENANT,Elder Covenant
TID_UPGRADE_DESC_ELDER_COVENANT,"[Switch]Puts a permanent end to the elders' wrath, at the price of 5% of your CpS.This is a complicated ritual involving silly, inconsequential trivialities such as cursed laxatives, century-old cacao, and an infant.Don't question it."
TID_UPGRADE_DISPLAYNAME_REVOKE_ELDER_COVENANT,Revoke Elder Covenant
TID_UPGRADE_DESC_REVOKE_ELDER_COVENANT,"[Switch]You will get 5% of your CpS back, but the grandmatriarchs will return.weriseagain"
TID_UPGRADE_DISPLAYNAME_GET_LUCKY,Get lucky
TID_UPGRADE_DESC_GET_LUCKY,"Golden cookie effects last twice as long.You've been up all night, haven't you?"
TID_UPGRADE_DISPLAYNAME_SACRIFICIAL_ROLLING_PINS,Sacrificial rolling pins
TID_UPGRADE_DESC_SACRIFICIAL_ROLLING_PINS,"Elder pledge last twice as long.These are mostly for spreading the anti-aging cream.(and accessorily, shortening the chicken's suffering.)"
TID_UPGRADE_DISPLAYNAME_SNICKERDOODLES,Snickerdoodles
TID_UPGRADE_DESC_SNICKERDOODLES,Cookie production multiplier +15%.True to their name.
TID_UPGRADE_DISPLAYNAME_STROOPWAFELS,Stroopwafels
TID_UPGRADE_DESC_STROOPWAFELS,"Cookie production multiplier +15%.If it ain't dutch, it ain't much."
TID_UPGRADE_DISPLAYNAME_MACAROONS,Macaroons
TID_UPGRADE_DESC_MACAROONS,"Cookie production multiplier +15%.Not to be confused with macarons.These have coconut, okay?"
TID_UPGRADE_DISPLAYNAME_NEUROMANCY,Neuromancy
TID_UPGRADE_DESC_NEUROMANCY,Can toggle upgrades on and off at will in the stats menu.Can also come in handy to unsee things that can't be unseen.
TID_UPGRADE_DISPLAYNAME_EMPIRE_BISCUITS,Empire biscuits
TID_UPGRADE_DESC_EMPIRE_BISCUITS,"Cookie production multiplier +15%.For your growing cookie empire, of course!"
TID_UPGRADE_DISPLAYNAME_BRITISH_TEA_BISCUITS,British tea biscuits
TID_UPGRADE_DESC_BRITISH_TEA_BISCUITS,Cookie production multiplier +15%.Quite.
TID_UPGRADE_DISPLAYNAME_CHOCOLATE_BRITISH_TEA_BISCUITS,Chocolate british tea biscuits
TID_UPGRADE_DESC_CHOCOLATE_BRITISH_TEA_BISCUITS,"Cookie production multiplier +15%.Yes, quite."
TID_UPGRADE_DISPLAYNAME_ROUND_BRITISH_TEA_BISCUITS,Round british tea biscuits
TID_UPGRADE_DESC_ROUND_BRITISH_TEA_BISCUITS,"Cookie production multiplier +15%.Yes, quite riveting."
TID_UPGRADE_DISPLAYNAME_ROUND_CHOCOLATE_BRITISH_TEA_BISCUITS,Round chocolate british tea biscuits
TID_UPGRADE_DESC_ROUND_CHOCOLATE_BRITISH_TEA_BISCUITS,"Cookie production multiplier +15%.Yes, quite riveting indeed."
TID_UPGRADE_DISPLAYNAME_ROUND_BRITISH_TEA_BISCUITS_WITH_HEART_MOTIF,Round british tea biscuits with heart motif
TID_UPGRADE_DESC_ROUND_BRITISH_TEA_BISCUITS_WITH_HEART_MOTIF,"Cookie production multiplier +15%.Yes, quite riveting indeed, old chap."
TID_UPGRADE_DISPLAYNAME_ROUND_CHOCOLATE_BRITISH_TEA_BISCUITS_WITH_HEART_MOTIF,Round chocolate british tea biscuits with heart motif
TID_UPGRADE_DESC_ROUND_CHOCOLATE_BRITISH_TEA_BISCUITS_WITH_HEART_MOTIF,Cookie production multiplier +15%.I like cookies.
TID_UPGRADE_DISPLAYNAME_SUGAR_BOSONS,Sugar bosons
TID_UPGRADE_DESC_SUGAR_BOSONS,"Antimatter condensers gain +99,999 base CpS.Sweet firm bosons."
TID_UPGRADE_DISPLAYNAME_STRING_THEORY,String theory
TID_UPGRADE_DESC_STRING_THEORY,"Antimatter condensers are twice as efficient.Reveals new insight about the true meaning of baking cookies (and, as a bonus, the structure of the universe)."
TID_UPGRADE_DISPLAYNAME_LARGE_MACARON_COLLIDER,Large macaron collider
TID_UPGRADE_DESC_LARGE_MACARON_COLLIDER,Antimatter condensers are twice as efficient.How singular!
TID_UPGRADE_DISPLAYNAME_BIG_BANG_BAKE,Big bang bake
TID_UPGRADE_DESC_BIG_BANG_BAKE,Antimatter condensers are twice as efficient.And that's how it all began.
TID_UPGRADE_DISPLAYNAME_ANTIGRANDMAS,Antigrandmas
TID_UPGRADE_DESC_ANTIGRANDMAS,Grandmas are twice as efficient.A mean antigrandma to vomit more cookies.(Do not put in contact with normal grandmas; loss of matter may occur.)
TID_UPGRADE_DISPLAYNAME_MADELEINES,Madeleines
TID_UPGRADE_DESC_MADELEINES,Cookie production multiplier +20%.Unforgettable!
TID_UPGRADE_DISPLAYNAME_PALMIERS,Palmiers
TID_UPGRADE_DESC_PALMIERS,"Cookie production multiplier +20%.Palmier than you!Yes, I just said that."
TID_UPGRADE_DISPLAYNAME_PALETS,Palets
TID_UPGRADE_DESC_PALETS,"Cookie production multiplier +20%.You could probably play hockey with these.I mean, you're welcome to try."
TID_UPGRADE_DISPLAYNAME_SABL_EACUTE_S,Sabl&eacute;s
TID_UPGRADE_DESC_SABL_EACUTE_S,"Cookie production multiplier +20%.The name implies they're made of sand. But you know better, don't you?"
TID_UPGRADE_DISPLAYNAME_KITTEN_OVERSEERS,Kitten overseers
TID_UPGRADE_DESC_KITTEN_OVERSEERS,"You gain more CpS the more milk you have.my purrpose is to serve you, sir"
TID_UPGRADE_DISPLAYNAME_SEXTILLION_FINGERS,Sextillion fingers
TID_UPGRADE_DESC_SEXTILLION_FINGERS,The mouse and cursors gain +200 cookies for each non-cursor object owned.sometimesthings justclick
TID_UPGRADE_DISPLAYNAME_DOUBLE_THICK_GLASSES,Double-thick glasses
TID_UPGRADE_DESC_DOUBLE_THICK_GLASSES,Grandmas are twice as efficient.Oh... so THAT's what I've been baking.
TID_UPGRADE_DISPLAYNAME_GINGERBREAD_SCARECROWS,Gingerbread scarecrows
TID_UPGRADE_DESC_GINGERBREAD_SCARECROWS,Farms are twice as efficient.Staring at your crops with mischievous glee.
TID_UPGRADE_DISPLAYNAME_RECOMBOBULATORS,Recombobulators
TID_UPGRADE_DESC_RECOMBOBULATORS,Factories are twice as efficient.A major part of cookie recombobulation.
TID_UPGRADE_DISPLAYNAME_H_BOMB_MINING,H-bomb mining
TID_UPGRADE_DESC_H_BOMB_MINING,"Mines are twice as efficient.Questionable efficiency, but spectacular nonetheless."
TID_UPGRADE_DISPLAYNAME_CHOCOLATE_MONOLITHS,Chocolate monoliths
TID_UPGRADE_DESC_CHOCOLATE_MONOLITHS,Shipments are twice as efficient.My god. It's full of chocolate bars.
TID_UPGRADE_DISPLAYNAME_AQUA_CRUSTULAE,Aqua crustulae
TID_UPGRADE_DESC_AQUA_CRUSTULAE,Alchemy labs are twice as efficient.Careful with the dosing - one drop too much and you get muffins.And nobody likes muffins.
TID_UPGRADE_DISPLAYNAME_BRANE_TRANSPLANT,Brane transplant
TID_UPGRADE_DESC_BRANE_TRANSPLANT,"Portals are twice as efficient.This refers to the practice of merging higher dimensional universes, or 'branes', with our own, in order to facilitate transit (and harvesting of precious cookie dough)."
TID_UPGRADE_DISPLAYNAME_YESTERMORROW_COMPARATORS,Yestermorrow comparators
TID_UPGRADE_DESC_YESTERMORROW_COMPARATORS,Time machines are twice as efficient.Fortnights into milleniums.
TID_UPGRADE_DISPLAYNAME_REVERSE_CYCLOTRONS,Reverse cyclotrons
TID_UPGRADE_DESC_REVERSE_CYCLOTRONS,"Antimatter condensers are twice as efficient.These can uncollision particles and unspin atoms. For... uh... better flavor, and stuff."
TID_UPGRADE_DISPLAYNAME_UNOBTAINIUM_MOUSE,Unobtainium mouse
TID_UPGRADE_DESC_UNOBTAINIUM_MOUSE,Clicking gains +1% of your CpS.These nice mice should suffice.
TID_UPGRADE_DISPLAYNAME_CARAMOAS,Caramoas
TID_UPGRADE_DESC_CARAMOAS,Cookie production multiplier +25%.Yeah. That's got a nice ring to it.
TID_UPGRADE_DISPLAYNAME_SAGALONGS,Sagalongs
TID_UPGRADE_DESC_SAGALONGS,Cookie production multiplier +25%.Grandma's favorite?
TID_UPGRADE_DISPLAYNAME_SHORTFOILS,Shortfoils
TID_UPGRADE_DESC_SHORTFOILS,Cookie production multiplier +25%.Foiled again!
TID_UPGRADE_DISPLAYNAME_WIN_MINTS,Win mints
TID_UPGRADE_DESC_WIN_MINTS,Cookie production multiplier +25%.They're the luckiest cookies you've ever tasted!
TID_UPGRADE_DISPLAYNAME_PERFECT_IDLING,Perfect idling
TID_UPGRADE_DESC_PERFECT_IDLING,You keep producing cookies even while the game is closed.It's the most beautiful thing I've ever seen.
TID_UPGRADE_DISPLAYNAME_FIG_GLUTTONS,Fig gluttons
TID_UPGRADE_DESC_FIG_GLUTTONS,Cookie production multiplier +25%.Got it all figured out.
TID_UPGRADE_DISPLAYNAME_LOREOLS,Loreols
TID_UPGRADE_DESC_LOREOLS,"Cookie production multiplier +25%.Because, uh... they're worth it?"
TID_UPGRADE_DISPLAYNAME__AFFA_CAKES,Jaffa cakes
TID_UPGRADE_DESC__AFFA_CAKES,"Cookie production multiplier +25%.If you want to bake a cookie from scratch, you must first build a factory."
TID_UPGRADE_DISPLAYNAME_GREASE_S_CUPS,Grease's cups
TID_UPGRADE_DESC_GREASE_S_CUPS,Cookie production multiplier +25%.Extra-greasy peanut butter.
TID_UPGRADE_DISPLAYNAME_HEAVENLY_CHIP_SECRET,Heavenly chip secret
TID_UPGRADE_DESC_HEAVENLY_CHIP_SECRET,"Unlocks 5% of the potential of your heavenly chips.Grants the knowledge of heavenly chips, and how to use them to make baking more efficient.It's a secret to everyone."
TID_UPGRADE_DISPLAYNAME_HEAVENLY_COOKIE_STAND,Heavenly cookie stand
TID_UPGRADE_DESC_HEAVENLY_COOKIE_STAND,Unlocks 25% of the potential of your heavenly chips.Don't forget to visit the heavenly lemonade stand afterwards.
TID_UPGRADE_DISPLAYNAME_HEAVENLY_BAKERY,Heavenly bakery
TID_UPGRADE_DESC_HEAVENLY_BAKERY,Unlocks 50% of the potential of your heavenly chips.Also sells godly cakes and divine pastries.
TID_UPGRADE_DISPLAYNAME_HEAVENLY_CONFECTIONERY,Heavenly confectionery
TID_UPGRADE_DESC_HEAVENLY_CONFECTIONERY,Unlocks 75% of the potential of your heavenly chips.They say angel bakers work there. They take angel lunch breaks and sometimes go on angel strikes.
TID_UPGRADE_DISPLAYNAME_HEAVENLY_KEY,Heavenly key
TID_UPGRADE_DESC_HEAVENLY_KEY,"Unlocks 100% of the potential of your heavenly chips.This is the key to the pearly (and tasty) gates of pastry heaven, granting you access to your entire stockpile of heavenly chips.May you use them wisely."
TID_UPGRADE_DISPLAYNAME_SKULL_COOKIES,Skull cookies
TID_UPGRADE_DESC_SKULL_COOKIES,Cookie production multiplier +20%.Wanna know something spooky? You've got one of these inside your head RIGHT NOW.
TID_UPGRADE_DISPLAYNAME_GHOST_COOKIES,Ghost cookies
TID_UPGRADE_DESC_GHOST_COOKIES,"Cookie production multiplier +20%.They're something strange, but they look pretty good!"
TID_UPGRADE_DISPLAYNAME_BAT_COOKIES,Bat cookies
TID_UPGRADE_DESC_BAT_COOKIES,Cookie production multiplier +20%.The cookies this town deserves.
TID_UPGRADE_DISPLAYNAME_SLIME_COOKIES,Slime cookies
TID_UPGRADE_DESC_SLIME_COOKIES,Cookie production multiplier +20%.The incredible melting cookies!
TID_UPGRADE_DISPLAYNAME_PUMPKIN_COOKIES,Pumpkin cookies
TID_UPGRADE_DESC_PUMPKIN_COOKIES,Cookie production multiplier +20%.Not even pumpkin-flavored. Tastes like glazing. Yeugh.
TID_UPGRADE_DISPLAYNAME_EYEBALL_COOKIES,Eyeball cookies
TID_UPGRADE_DESC_EYEBALL_COOKIES,"Cookie production multiplier +20%.When you stare into the cookie, the cookie stares back at you."
TID_UPGRADE_DISPLAYNAME_SPIDER_COOKIES,Spider cookies
TID_UPGRADE_DESC_SPIDER_COOKIES,Cookie production multiplier +20%.You found the recipe on the web. They do whatever a cookie can.
TID_UPGRADE_DISPLAYNAME_PERSISTENT_MEMORY,Persistent memory
TID_UPGRADE_DESC_PERSISTENT_MEMORY,Subsequent research will be 10 times as fast.It's all making sense!Again!
TID_UPGRADE_DISPLAYNAME_WRINKLER_DOORMAT,Wrinkler doormat
TID_UPGRADE_DESC_WRINKLER_DOORMAT,Wrinklers spawn much more frequently.You're such a pushover.
TID_UPGRADE_DISPLAYNAME_CHRISTMAS_TREE_BISCUITS,Christmas tree biscuits
TID_UPGRADE_DESC_CHRISTMAS_TREE_BISCUITS,Cookie production multiplier +20%.Whose pine is it anyway?
TID_UPGRADE_DISPLAYNAME_SNOWFLAKE_BISCUITS,Snowflake biscuits
TID_UPGRADE_DESC_SNOWFLAKE_BISCUITS,Cookie production multiplier +20%.Mass-produced to be unique in every way.
TID_UPGRADE_DISPLAYNAME_SNOWMAN_BISCUITS,Snowman biscuits
TID_UPGRADE_DESC_SNOWMAN_BISCUITS,Cookie production multiplier +20%.It's frosted. Doubly so.
TID_UPGRADE_DISPLAYNAME_HOLLY_BISCUITS,Holly biscuits
TID_UPGRADE_DESC_HOLLY_BISCUITS,"Cookie production multiplier +20%.You don't smooch under these ones. That would be the mistletoe (which, botanically, is a smellier variant of the mistlefinger)."
TID_UPGRADE_DISPLAYNAME_CANDY_CANE_BISCUITS,Candy cane biscuits
TID_UPGRADE_DESC_CANDY_CANE_BISCUITS,"Cookie production multiplier +20%.It's two treats in one!(Further inspection reveals the frosting does not actually taste like peppermint, but like mundane sugary frosting.)"
TID_UPGRADE_DISPLAYNAME_BELL_BISCUITS,Bell biscuits
TID_UPGRADE_DESC_BELL_BISCUITS,"Cookie production multiplier +20%.What do these even have to do with christmas? Who cares, ring them in!"
TID_UPGRADE_DISPLAYNAME_PRESENT_BISCUITS,Present biscuits
TID_UPGRADE_DESC_PRESENT_BISCUITS,Cookie production multiplier +20%.The prequel to future biscuits. Watch out!
TID_UPGRADE_DISPLAYNAME_GINGERBREAD_MEN,Gingerbread men
TID_UPGRADE_DESC_GINGERBREAD_MEN,"Cookie production multiplier +25%.You like to bite the legs off first, right? How about tearing off the arms? You sick monster."
TID_UPGRADE_DISPLAYNAME_GINGERBREAD_TREES,Gingerbread trees
TID_UPGRADE_DESC_GINGERBREAD_TREES,Cookie production multiplier +25%.Evergreens in pastry form. Yule be surprised what you can come up with.
TID_UPGRADE_DISPLAYNAME_A_FESTIVE_HAT,A festive hat
TID_UPGRADE_DESC_A_FESTIVE_HAT,"Unlocks... something.Not a creature was stirring, not even a mouse."
TID_UPGRADE_DISPLAYNAME_INCREASED_MERRINESS,Increased merriness
TID_UPGRADE_DESC_INCREASED_MERRINESS,"Cookie production multiplier +15%.It turns out that the key to increased merriness, strangely enough, happens to be a good campfire and some s'mores.You know what they say, after all; the s'more, the merrier."
TID_UPGRADE_DISPLAYNAME_IMPROVED__OLLINESS,Improved jolliness
TID_UPGRADE_DESC_IMPROVED__OLLINESS,Cookie production multiplier +15%.A nice wobbly belly goes a long way.You jolly?
TID_UPGRADE_DISPLAYNAME_A_LUMP_OF_COAL,A lump of coal
TID_UPGRADE_DESC_A_LUMP_OF_COAL,"Cookie production multiplier +1%.Some of the world's worst stocking stuffing.I guess you could try starting your own little industrial revolution, or something?..."
TID_UPGRADE_DISPLAYNAME_AN_ITCHY_SWEATER,An itchy sweater
TID_UPGRADE_DESC_AN_ITCHY_SWEATER,"Cookie production multiplier +1%.You don't know what's worse : the embarrassingly quaint 'elf on reindeer' motif, or the fact that wearing it makes you feel like you're wrapped in a dead sasquatch."
TID_UPGRADE_DISPLAYNAME_REINDEER_BAKING_GROUNDS,Reindeer baking grounds
TID_UPGRADE_DESC_REINDEER_BAKING_GROUNDS,Reindeer appear twice as frequently.Male reindeer are from Mars; female reindeer are from venison.
TID_UPGRADE_DISPLAYNAME_WEIGHTED_SLEIGHS,Weighted sleighs
TID_UPGRADE_DESC_WEIGHTED_SLEIGHS,Reindeer are twice as slow.Hope it was worth the weight.(Something something forced into cervidude)
TID_UPGRADE_DISPLAYNAME_HO_HO_HO_FLAVORED_FROSTING,Ho ho ho-flavored frosting
TID_UPGRADE_DESC_HO_HO_HO_FLAVORED_FROSTING,Reindeer give twice as much.It's time to up the antler.
TID_UPGRADE_DISPLAYNAME_SEASON_SAVINGS,Season savings
TID_UPGRADE_DESC_SEASON_SAVINGS,"All buildings are 1% cheaper.By Santa's beard, what savings!But who will save us?"
TID_UPGRADE_DISPLAYNAME_TOY_WORKSHOP,Toy workshop
TID_UPGRADE_DESC_TOY_WORKSHOP,All upgrades are 5% cheaper.Watch yours-elf around elvesdroppers who might steal our production secrets.Or elven worse!
TID_UPGRADE_DISPLAYNAME_NAUGHTY_LIST,Naughty list
TID_UPGRADE_DESC_NAUGHTY_LIST,Grandmas are twice as productive.This list contains every unholy deed perpetuated by grandmakind.He won't be checking this one twice.Once. Once is enough.
TID_UPGRADE_DISPLAYNAME_SANTA_S_BOTTOMLESS_BAG,Santa's bottomless bag
TID_UPGRADE_DESC_SANTA_S_BOTTOMLESS_BAG,Random drops are 10% more common.This is one bottom you can't check out.
TID_UPGRADE_DISPLAYNAME_SANTA_S_HELPERS,Santa's helpers
TID_UPGRADE_DESC_SANTA_S_HELPERS,"Clicking is 10% more powerful.Some choose to help hamburger; some choose to help you.To each their own, I guess."
TID_UPGRADE_DISPLAYNAME_SANTA_S_LEGACY,Santa's legacy
TID_UPGRADE_DESC_SANTA_S_LEGACY,"Cookie production multiplier +10% per Santa's levels.In the north pole, you gotta get the elves first. Then when you get the elves, you start making the toys. Then when you get the toys... then you get the cookies."
TID_UPGRADE_DISPLAYNAME_SANTA_S_MILK_AND_COOKIES,Santa's milk and cookies
TID_UPGRADE_DESC_SANTA_S_MILK_AND_COOKIES,Milk is 5% more powerful.Part of Santa's dreadfully unbalanced diet.
TID_UPGRADE_DISPLAYNAME_REINDEER_SEASON,Reindeer season
TID_UPGRADE_DESC_REINDEER_SEASON,"Reindeer spawn much more frequently.Go, Cheater! Go, Hacker and Faker!"
TID_UPGRADE_DISPLAYNAME_SANTA_S_DOMINION,Santa's dominion
TID_UPGRADE_DESC_SANTA_S_DOMINION,"Cookie production multiplier +50%.All buildings are 1% cheaper.All upgrades are 2% cheaper.My name is Claus, king of kings;Look on my toys, ye Mighty, and despair!"
TID_UPGRADE_DISPLAYNAME_PURE_HEART_BISCUITS,Pure heart biscuits
TID_UPGRADE_DESC_PURE_HEART_BISCUITS,Cookie production multiplier +25%.Melty white chocolatethat says 'I *like* like you'.
TID_UPGRADE_DISPLAYNAME_ARDENT_HEART_BISCUITS,Ardent heart biscuits
TID_UPGRADE_DESC_ARDENT_HEART_BISCUITS,Cookie production multiplier +25%.A red hot cherry biscuit that will nudge the target of your affection in interesting directions.
TID_UPGRADE_DISPLAYNAME_SOUR_HEART_BISCUITS,Sour heart biscuits
TID_UPGRADE_DESC_SOUR_HEART_BISCUITS,Cookie production multiplier +25%.A bitter lime biscuit for the lonely and the heart-broken.
TID_UPGRADE_DISPLAYNAME_WEEPING_HEART_BISCUITS,Weeping heart biscuits
TID_UPGRADE_DESC_WEEPING_HEART_BISCUITS,"Cookie production multiplier +25%.An ice-cold blueberry biscuit, symbol of a mending heart."
TID_UPGRADE_DISPLAYNAME_GOLDEN_HEART_BISCUITS,Golden heart biscuits
TID_UPGRADE_DESC_GOLDEN_HEART_BISCUITS,"Cookie production multiplier +25%.A beautiful biscuit to symbolize kindness, true love, and sincerity."
TID_UPGRADE_DISPLAYNAME_ETERNAL_HEART_BISCUITS,Eternal heart biscuits
TID_UPGRADE_DESC_ETERNAL_HEART_BISCUITS,"Cookie production multiplier +25%.Silver icing for a very special someone you've liked for a long, long time."
TID_UPGRADE_DISPLAYNAME_GEM_POLISH,Gem polish
TID_UPGRADE_DESC_GEM_POLISH,"Prisms gain +1,000,000 base CpS.Get rid of the grime and let more light in.Truly, truly outrageous."
TID_UPGRADE_DISPLAYNAME_9TH_COLOR,9th color
TID_UPGRADE_DESC_9TH_COLOR,Prisms are twice as efficient.Delve into untouched optical depths where even the mantis shrimp hasn't set an eye!
TID_UPGRADE_DISPLAYNAME_CHOCOLATE_LIGHT,Chocolate light
TID_UPGRADE_DESC_CHOCOLATE_LIGHT,Prisms are twice as efficient.Bask into its cocoalescence.(Warning : may cause various interesting albeit deadly skin conditions.)
TID_UPGRADE_DISPLAYNAME_GRAINBOW,Grainbow
TID_UPGRADE_DESC_GRAINBOW,"Prisms are twice as efficient.Remember the different grains using the handy Roy G. Biv mnemonic : R is for rice, O is for oats... uh, B for barley?..."
TID_UPGRADE_DISPLAYNAME_PURE_COSMIC_LIGHT,Pure cosmic light
TID_UPGRADE_DESC_PURE_COSMIC_LIGHT,"Prisms are twice as efficient.Your prisms now receive pristine, unadulterated photons from the other end of the universe."
TID_UPGRADE_DISPLAYNAME_RAINBOW_GRANDMAS,Rainbow grandmas
TID_UPGRADE_DESC_RAINBOW_GRANDMAS,Grandmas are twice as efficient.A luminous grandma to sparkle into cookies.
TID_UPGRADE_DISPLAYNAME_SEASON_SWITCHER,Season switcher
TID_UPGRADE_DESC_SEASON_SWITCHER,"Allows you to trigger seasonal events at will, for a price.There will always be time."
TID_UPGRADE_DISPLAYNAME_FESTIVE_BISCUIT,Festive biscuit
TID_UPGRADE_DESC_FESTIVE_BISCUIT,Triggers Christmas season for the next 24 hours.Triggering another season will cancel this one.'Twas the night before Christmas- or was it?
TID_UPGRADE_DISPLAYNAME_GHOSTLY_BISCUIT,Ghostly biscuit
TID_UPGRADE_DESC_GHOSTLY_BISCUIT,Triggers Halloween season for the next 24 hours.Triggering another season will cancel this one.spooky scary skeletonswill wake you with a boo
TID_UPGRADE_DISPLAYNAME_LOVESICK_BISCUIT,Lovesick biscuit
TID_UPGRADE_DESC_LOVESICK_BISCUIT,Triggers Valentine's Day season for the next 24 hours.Triggering another season will cancel this one.Romance never goes out of fashion.
TID_ACH_DISPLAYNAME_WAKE_AND_BAKE,Wake and bake
TID_ACH_DESC_WAKE_AND_BAKE,Bake 1 cookie.
TID_ACH_DISPLAYNAME_MAKING_SOME_DOUGH,Making some dough
TID_ACH_DESC_MAKING_SOME_DOUGH,Bake 100 cookies.
TID_ACH_DISPLAYNAME_SO_BAKED_RIGHT_NOW,So baked right now
TID_ACH_DESC_SO_BAKED_RIGHT_NOW,"Bake 1,000 cookies."
TID_ACH_DISPLAYNAME_FLEDGLING_BAKERY,Fledgling bakery
TID_ACH_DESC_FLEDGLING_BAKERY,"Bake 10,000 cookies."
TID_ACH_DISPLAYNAME_AFFLUENT_BAKERY,Affluent bakery
TID_ACH_DESC_AFFLUENT_BAKERY,"Bake 100,000 cookies."
TID_ACH_DISPLAYNAME_WORLD_FAMOUS_BAKERY,World-famous bakery
TID_ACH_DESC_WORLD_FAMOUS_BAKERY,"Bake 1,000,000 cookies."
TID_ACH_DISPLAYNAME_COSMIC_BAKERY,Cosmic bakery
TID_ACH_DESC_COSMIC_BAKERY,"Bake 10,000,000 cookies."
TID_ACH_DISPLAYNAME_GALACTIC_BAKERY,Galactic bakery
TID_ACH_DESC_GALACTIC_BAKERY,"Bake 100,000,000 cookies."
TID_ACH_DISPLAYNAME_UNIVERSAL_BAKERY,Universal bakery
TID_ACH_DESC_UNIVERSAL_BAKERY,"Bake 1,000,000,000 cookies."
TID_ACH_DISPLAYNAME_TIMELESS_BAKERY,Timeless bakery
TID_ACH_DESC_TIMELESS_BAKERY,"Bake 10,000,000,000 cookies."
TID_ACH_DISPLAYNAME_INFINITE_BAKERY,Infinite bakery
TID_ACH_DESC_INFINITE_BAKERY,"Bake 100,000,000,000 cookies."
TID_ACH_DISPLAYNAME_IMMORTAL_BAKERY,Immortal bakery
TID_ACH_DESC_IMMORTAL_BAKERY,"Bake 1,000,000,000,000 cookies."
TID_ACH_DISPLAYNAME_YOU_CAN_STOP_NOW,You can stop now
TID_ACH_DESC_YOU_CAN_STOP_NOW,"Bake 10,000,000,000,000 cookies."
TID_ACH_DISPLAYNAME_COOKIES_ALL_THE_WAY_DOWN,Cookies all the way down
TID_ACH_DESC_COOKIES_ALL_THE_WAY_DOWN,"Bake 100,000,000,000,000 cookies."
TID_ACH_DISPLAYNAME_OVERDOSE,Overdose
TID_ACH_DESC_OVERDOSE,"Bake 1,000,000,000,000,000 cookies."
TID_ACH_DISPLAYNAME_HOW,How?
TID_ACH_DESC_HOW,"Bake 10,000,000,000,000,000 cookies."
TID_ACH_DISPLAYNAME_CASUAL_BAKING,Casual baking
TID_ACH_DESC_CASUAL_BAKING,Bake 1 cookie per second.
TID_ACH_DISPLAYNAME_HARDCORE_BAKING,Hardcore baking
TID_ACH_DESC_HARDCORE_BAKING,Bake 10 cookies per second.
TID_ACH_DISPLAYNAME_STEADY_TASTY_STREAM,Steady tasty stream
TID_ACH_DESC_STEADY_TASTY_STREAM,Bake 100 cookies per second.
TID_ACH_DISPLAYNAME_COOKIE_MONSTER,Cookie monster
TID_ACH_DESC_COOKIE_MONSTER,"Bake 1,000 cookies per second."
TID_ACH_DISPLAYNAME_MASS_PRODUCER,Mass producer
TID_ACH_DESC_MASS_PRODUCER,"Bake 10,000 cookies per second."
TID_ACH_DISPLAYNAME_COOKIE_VORTEX,Cookie vortex
TID_ACH_DESC_COOKIE_VORTEX,"Bake 1,000,000 cookies per second."
TID_ACH_DISPLAYNAME_COOKIE_PULSAR,Cookie pulsar
TID_ACH_DESC_COOKIE_PULSAR,"Bake 10,000,000 cookies per second."
TID_ACH_DISPLAYNAME_COOKIE_QUASAR,Cookie quasar
TID_ACH_DESC_COOKIE_QUASAR,"Bake 100,000,000 cookies per second."
TID_ACH_DISPLAYNAME_A_WORLD_FILLED_WITH_COOKIES,A world filled with cookies
TID_ACH_DESC_A_WORLD_FILLED_WITH_COOKIES,"Bake 10,000,000,000 cookies per second."
TID_ACH_DISPLAYNAME_LET_S_NEVER_BAKE_AGAIN,Let's never bake again
TID_ACH_DESC_LET_S_NEVER_BAKE_AGAIN,"Bake 1,000,000,000,000 cookies per second."
TID_ACH_DISPLAYNAME_SACRIFICE,Sacrifice
TID_ACH_DESC_SACRIFICE,"Reset your game with 1 million cookies baked.Easy come, easy go."
TID_ACH_DISPLAYNAME_OBLIVION,Oblivion
TID_ACH_DESC_OBLIVION,Reset your game with 1 billion cookies baked.Back to square one.
TID_ACH_DISPLAYNAME_FROM_SCRATCH,From scratch
TID_ACH_DESC_FROM_SCRATCH,Reset your game with 1 trillion cookies baked.It's been fun.
TID_ACH_DISPLAYNAME_NEVERCLICK,Neverclick
TID_ACH_DESC_NEVERCLICK,Make 1 million cookies by only having clicked 15 times.
TID_ACH_DISPLAYNAME_CLICKTASTIC,Clicktastic
TID_ACH_DESC_CLICKTASTIC,"Make 1,000 cookies from clicking."
TID_ACH_DISPLAYNAME_CLICKATHLON,Clickathlon
TID_ACH_DESC_CLICKATHLON,"Make 100,000 cookies from clicking."
TID_ACH_DISPLAYNAME_CLICKOLYMPICS,Clickolympics
TID_ACH_DESC_CLICKOLYMPICS,"Make 10,000,000 cookies from clicking."
TID_ACH_DISPLAYNAME_CLICKORAMA,Clickorama
TID_ACH_DESC_CLICKORAMA,"Make 1,000,000,000 cookies from clicking."
TID_ACH_DISPLAYNAME_CLICK,Click
TID_ACH_DESC_CLICK,Have 1 cursor.
TID_ACH_DISPLAYNAME_DOUBLE_CLICK,Double-click
TID_ACH_DESC_DOUBLE_CLICK,Have 2 cursors.
TID_ACH_DISPLAYNAME_MOUSE_WHEEL,Mouse wheel
TID_ACH_DESC_MOUSE_WHEEL,Have 50 cursors.
TID_ACH_DISPLAYNAME_OF_MICE_AND_MEN,Of Mice and Men
TID_ACH_DESC_OF_MICE_AND_MEN,Have 100 cursors.
TID_ACH_DISPLAYNAME_THE_DIGITAL,The Digital
TID_ACH_DESC_THE_DIGITAL,Have 200 cursors.
TID_ACH_DISPLAYNAME__UST_WRONG,Just wrong
TID_ACH_DESC__UST_WRONG,Sell a grandma.I thought you loved me.
TID_ACH_DISPLAYNAME_GRANDMA_S_COOKIES,Grandma's cookies
TID_ACH_DESC_GRANDMA_S_COOKIES,Have 1 grandma.
TID_ACH_DISPLAYNAME_SLOPPY_KISSES,Sloppy kisses
TID_ACH_DESC_SLOPPY_KISSES,Have 50 grandmas.
TID_ACH_DISPLAYNAME_RETIREMENT_HOME,Retirement home
TID_ACH_DESC_RETIREMENT_HOME,Have 100 grandmas.
TID_ACH_DISPLAYNAME_MY_FIRST_FARM,My first farm
TID_ACH_DESC_MY_FIRST_FARM,Have 1 farm.
TID_ACH_DISPLAYNAME_REAP_WHAT_YOU_SOW,Reap what you sow
TID_ACH_DESC_REAP_WHAT_YOU_SOW,Have 50 farms.
TID_ACH_DISPLAYNAME_FARM_ILL,Farm ill
TID_ACH_DESC_FARM_ILL,Have 100 farms.
TID_ACH_DISPLAYNAME_PRODUCTION_CHAIN,Production chain
TID_ACH_DESC_PRODUCTION_CHAIN,Have 1 factory.
TID_ACH_DISPLAYNAME_INDUSTRIAL_REVOLUTION,Industrial revolution
TID_ACH_DESC_INDUSTRIAL_REVOLUTION,Have 50 factories.
TID_ACH_DISPLAYNAME_GLOBAL_WARMING,Global warming
TID_ACH_DESC_GLOBAL_WARMING,Have 100 factories.
TID_ACH_DISPLAYNAME_YOU_KNOW_THE_DRILL,You know the drill
TID_ACH_DESC_YOU_KNOW_THE_DRILL,Have 1 mine.
TID_ACH_DISPLAYNAME_EXCAVATION_SITE,Excavation site
TID_ACH_DESC_EXCAVATION_SITE,Have 50 mines.
TID_ACH_DISPLAYNAME_HOLLOW_THE_PLANET,Hollow the planet
TID_ACH_DESC_HOLLOW_THE_PLANET,Have 100 mines.
TID_ACH_DISPLAYNAME_EXPEDITION,Expedition
TID_ACH_DESC_EXPEDITION,Have 1 shipment.
TID_ACH_DISPLAYNAME_GALACTIC_HIGHWAY,Galactic highway
TID_ACH_DESC_GALACTIC_HIGHWAY,Have 50 shipments.
TID_ACH_DISPLAYNAME_FAR_FAR_AWAY,Far far away
TID_ACH_DESC_FAR_FAR_AWAY,Have 100 shipments.
TID_ACH_DISPLAYNAME_TRANSMUTATION,Transmutation
TID_ACH_DESC_TRANSMUTATION,Have 1 alchemy lab.
TID_ACH_DISPLAYNAME_TRANSMOGRIFICATION,Transmogrification
TID_ACH_DESC_TRANSMOGRIFICATION,Have 50 alchemy labs.
TID_ACH_DISPLAYNAME_GOLD_MEMBER,Gold member
TID_ACH_DESC_GOLD_MEMBER,Have 100 alchemy labs.
TID_ACH_DISPLAYNAME_A_WHOLE_WORLD,A whole world
TID_ACH_DESC_A_WHOLE_WORLD,Have 1 portal.
TID_ACH_DISPLAYNAME_NOW_YOU_RE_THINKING,Now you're thinking
TID_ACH_DESC_NOW_YOU_RE_THINKING,Have 50 portals.
TID_ACH_DISPLAYNAME_DIMENSIONAL_SHIFT,Dimensional shift
TID_ACH_DESC_DIMENSIONAL_SHIFT,Have 100 portals.
TID_ACH_DISPLAYNAME_TIME_WARP,Time warp
TID_ACH_DESC_TIME_WARP,Have 1 time machine.
TID_ACH_DISPLAYNAME_ALTERNATE_TIMELINE,Alternate timeline
TID_ACH_DESC_ALTERNATE_TIMELINE,Have 50 time machines.
TID_ACH_DISPLAYNAME_REWRITING_HISTORY,Rewriting history
TID_ACH_DESC_REWRITING_HISTORY,Have 100 time machines.
TID_ACH_DISPLAYNAME_ONE_WITH_EVERYTHING,One with everything
TID_ACH_DESC_ONE_WITH_EVERYTHING,Have at least 1 of every building.
TID_ACH_DISPLAYNAME_MATHEMATICIAN,Mathematician
TID_ACH_DESC_MATHEMATICIAN,"Have at least 1 of the most expensive object, 2 of the second-most expensive, 4 of the next and so on (capped at 128)."
TID_ACH_DISPLAYNAME_BASE_10,Base 10
TID_ACH_DESC_BASE_10,"Have at least 10 of the most expensive object, 20 of the second-most expensive, 30 of the next and so on."
TID_ACH_DISPLAYNAME_GOLDEN_COOKIE,Golden cookie
TID_ACH_DESC_GOLDEN_COOKIE,Click a golden cookie.
TID_ACH_DISPLAYNAME_LUCKY_COOKIE,Lucky cookie
TID_ACH_DESC_LUCKY_COOKIE,Click 7 golden cookies.
TID_ACH_DISPLAYNAME_A_STROKE_OF_LUCK,A stroke of luck
TID_ACH_DESC_A_STROKE_OF_LUCK,Click 27 golden cookies.
TID_ACH_DISPLAYNAME_CHEATED_COOKIES_TASTE_AWFUL,Cheated cookies taste awful
TID_ACH_DESC_CHEATED_COOKIES_TASTE_AWFUL,Hack in some cookies.
TID_ACH_DISPLAYNAME_UNCANNY_CLICKER,Uncanny clicker
TID_ACH_DESC_UNCANNY_CLICKER,"Click really, really fast.Well I'll be!"
TID_ACH_DISPLAYNAME_BUILDER,Builder
TID_ACH_DESC_BUILDER,Own 100 buildings.
TID_ACH_DISPLAYNAME_ARCHITECT,Architect
TID_ACH_DESC_ARCHITECT,Own 400 buildings.
TID_ACH_DISPLAYNAME_ENHANCER,Enhancer
TID_ACH_DESC_ENHANCER,Purchase 20 upgrades.
TID_ACH_DISPLAYNAME_AUGMENTER,Augmenter
TID_ACH_DESC_AUGMENTER,Purchase 50 upgrades.
TID_ACH_DISPLAYNAME_COOKIE_DUNKER,Cookie-dunker
TID_ACH_DESC_COOKIE_DUNKER,Dunk the cookie.You did it!
TID_ACH_DISPLAYNAME_FORTUNE,Fortune
TID_ACH_DESC_FORTUNE,Click 77 golden cookies.You should really go to bed.
TID_ACH_DISPLAYNAME_TRUE_NEVERCLICK,True Neverclick
TID_ACH_DESC_TRUE_NEVERCLICK,"Make 1 million cookies with no cookie clicks.This kinda defeats the whole purpose, doesn't it?"
TID_ACH_DISPLAYNAME_ELDER_NAP,Elder nap
TID_ACH_DESC_ELDER_NAP,Appease the grandmatriarchs at least once.weareeternal
TID_ACH_DISPLAYNAME_ELDER_SLUMBER,Elder slumber
TID_ACH_DESC_ELDER_SLUMBER,Appease the grandmatriarchs at least 5 times.our mindoutlivesthe universe
TID_ACH_DISPLAYNAME_ELDER,Elder
TID_ACH_DESC_ELDER,Own at least 7 grandma types.
TID_ACH_DISPLAYNAME_ELDER_CALM,Elder calm
TID_ACH_DESC_ELDER_CALM,Declare a covenant with the grandmatriarchs.wehavefed
TID_ACH_DISPLAYNAME_ENGINEER,Engineer
TID_ACH_DESC_ENGINEER,Own 800 buildings.
TID_ACH_DISPLAYNAME_LEPRECHAUN,Leprechaun
TID_ACH_DESC_LEPRECHAUN,Click 777 golden cookies.
TID_ACH_DISPLAYNAME_BLACK_CAT_S_PAW,Black cat's paw
TID_ACH_DESC_BLACK_CAT_S_PAW,Click 7777 golden cookies.
TID_ACH_DISPLAYNAME_NIHILISM,Nihilism
TID_ACH_DESC_NIHILISM,Reset your game with 1 quadrillion cookies baked.There are many thingsthat need to be erased
TID_ACH_DISPLAYNAME_ANTIBATTER,Antibatter
TID_ACH_DESC_ANTIBATTER,Have 1 antimatter condenser.
TID_ACH_DISPLAYNAME_QUIRKY_QUARKS,Quirky quarks
TID_ACH_DESC_QUIRKY_QUARKS,Have 50 antimatter condensers.
TID_ACH_DISPLAYNAME_IT_DOES_MATTER,It does matter!
TID_ACH_DESC_IT_DOES_MATTER,Have 100 antimatter condensers.
TID_ACH_DISPLAYNAME_UPGRADER,Upgrader
TID_ACH_DESC_UPGRADER,Purchase 100 upgrades.
TID_ACH_DISPLAYNAME_CENTENNIAL,Centennial
TID_ACH_DESC_CENTENNIAL,Have at least 100 of everything.
TID_ACH_DISPLAYNAME_HARDCORE,Hardcore
TID_ACH_DESC_HARDCORE,Get to 1 billion cookies baked with no upgrades purchased.
TID_ACH_DISPLAYNAME_SPEED_BAKING_I,Speed baking I
TID_ACH_DESC_SPEED_BAKING_I,Get to 1 million cookies baked in 35 minutes (with no heavenly upgrades).
TID_ACH_DISPLAYNAME_SPEED_BAKING_II,Speed baking II
TID_ACH_DESC_SPEED_BAKING_II,Get to 1 million cookies baked in 25 minutes (with no heavenly upgrades).
TID_ACH_DISPLAYNAME_SPEED_BAKING_III,Speed baking III
TID_ACH_DESC_SPEED_BAKING_III,Get to 1 million cookies baked in 15 minutes (with no heavenly upgrades).
TID_ACH_DISPLAYNAME_CLICKASMIC,Clickasmic
TID_ACH_DESC_CLICKASMIC,"Make 100,000,000,000 cookies from clicking."
TID_ACH_DISPLAYNAME_FRIEND_OF_THE_ANCIENTS,Friend of the ancients
TID_ACH_DESC_FRIEND_OF_THE_ANCIENTS,Have 150 grandmas.
TID_ACH_DISPLAYNAME_RULER_OF_THE_ANCIENTS,Ruler of the ancients
TID_ACH_DESC_RULER_OF_THE_ANCIENTS,Have 200 grandmas.
TID_ACH_DISPLAYNAME_WHOLESOME,Wholesome
TID_ACH_DESC_WHOLESOME,Unlock 100% of your heavenly chips power.
TID_ACH_DISPLAYNAME__UST_PLAIN_LUCKY,Just plain lucky
TID_ACH_DESC__UST_PLAIN_LUCKY,"You have 1 chance in 500,000 every second of earning this achievement."
TID_ACH_DISPLAYNAME_ITCHSCRATCHER,Itchscratcher
TID_ACH_DESC_ITCHSCRATCHER,Burst 1 wrinkler.
TID_ACH_DISPLAYNAME_WRINKLESQUISHER,Wrinklesquisher
TID_ACH_DESC_WRINKLESQUISHER,Burst 50 wrinklers.
TID_ACH_DISPLAYNAME_MOISTBURSTER,Moistburster
TID_ACH_DESC_MOISTBURSTER,Burst 200 wrinklers.
TID_ACH_DISPLAYNAME_SPOOKY_COOKIES,Spooky cookies
TID_ACH_DESC_SPOOKY_COOKIES,Unlock every Halloween-themed cookie.Owning this achievement makes Halloween-themed cookies drop more frequently in future playthroughs.
TID_ACH_DISPLAYNAME_COMING_TO_TOWN,Coming to town
TID_ACH_DESC_COMING_TO_TOWN,Reach Santa's 7th form.
TID_ACH_DISPLAYNAME_ALL_HAIL_SANTA,All hail Santa
TID_ACH_DESC_ALL_HAIL_SANTA,Reach Santa's final form.
TID_ACH_DISPLAYNAME_LET_IT_SNOW,Let it snow
TID_ACH_DESC_LET_IT_SNOW,Unlock every Christmas-themed cookie.
TID_ACH_DISPLAYNAME_OH_DEER,Oh deer
TID_ACH_DESC_OH_DEER,Pop 1 reindeer.
TID_ACH_DISPLAYNAME_SLEIGH_OF_HAND,Sleigh of hand
TID_ACH_DESC_SLEIGH_OF_HAND,Pop 50 reindeer.
TID_ACH_DISPLAYNAME_REINDEER_SLEIGHER,Reindeer sleigher
TID_ACH_DESC_REINDEER_SLEIGHER,Pop 200 reindeer.
TID_ACH_DISPLAYNAME_PERFECTED_AGRICULTURE,Perfected agriculture
TID_ACH_DESC_PERFECTED_AGRICULTURE,Have 150 farms.
TID_ACH_DISPLAYNAME_ULTIMATE_AUTOMATION,Ultimate automation
TID_ACH_DESC_ULTIMATE_AUTOMATION,Have 150 factories.
TID_ACH_DISPLAYNAME_CAN_YOU_DIG_IT,Can you dig it
TID_ACH_DESC_CAN_YOU_DIG_IT,Have 150 mines.
TID_ACH_DISPLAYNAME_TYPE_II_CIVILIZATION,Type II civilization
TID_ACH_DESC_TYPE_II_CIVILIZATION,Have 150 shipments.
TID_ACH_DISPLAYNAME_GILD_WARS,Gild wars
TID_ACH_DESC_GILD_WARS,Have 150 alchemy labs.
TID_ACH_DISPLAYNAME_BRAIN_SPLIT,Brain-split
TID_ACH_DESC_BRAIN_SPLIT,Have 150 portals.
TID_ACH_DISPLAYNAME_TIME_DUKE,Time duke
TID_ACH_DESC_TIME_DUKE,Have 150 time machines.
TID_ACH_DISPLAYNAME_MOLECULAR_MAESTRO,Molecular maestro
TID_ACH_DESC_MOLECULAR_MAESTRO,Have 150 antimatter condensers.
TID_ACH_DISPLAYNAME_LONE_PHOTON,Lone photon
TID_ACH_DESC_LONE_PHOTON,Have 1 prism.
TID_ACH_DISPLAYNAME_DAZZLING_GLIMMER,Dazzling glimmer
TID_ACH_DESC_DAZZLING_GLIMMER,Have 50 prisms.
TID_ACH_DISPLAYNAME_BLINDING_FLASH,Blinding flash
TID_ACH_DESC_BLINDING_FLASH,Have 100 prisms.
TID_ACH_DISPLAYNAME_UNENDING_GLOW,Unending glow
TID_ACH_DESC_UNENDING_GLOW,Have 150 prisms.
TID_ACH_DISPLAYNAME_LORD_OF_CONSTRUCTS,Lord of Constructs
TID_ACH_DESC_LORD_OF_CONSTRUCTS,"Own 1500 buildings.He saw the vast plains stretching ahead of him, and he said : let there be civilization."
TID_ACH_DISPLAYNAME_LORD_OF_PROGRESS,Lord of Progress
TID_ACH_DESC_LORD_OF_PROGRESS,Purchase 150 upgrades.One can always do better. But should you?
TID_ACH_DISPLAYNAME_BICENTENNIAL,Bicentennial
TID_ACH_DESC_BICENTENNIAL,Have at least 200 of everything.You crazy person.
TID_ACH_DISPLAYNAME_LOVELY_COOKIES,Lovely cookies
TID_ACH_DESC_LOVELY_COOKIES,Unlock every Valentine-themed cookie.
TID_NEWS1_CONTEXT_0,Moist cookies.grandma,奶奶:流泪的饼干
TID_NEWS1_CONTEXT_1,We're nice grandmas.grandma,奶奶:慈母手中饼 游子口很干...
TID_NEWS1_CONTEXT_2,Indentured servitude.grandma,奶奶:我真是上辈子欠了你的...
TID_NEWS1_CONTEXT_3,Come give grandma a kiss.grandma,奶奶:来亲亲奶奶吧...
TID_NEWS1_CONTEXT_4,Why don't you visit more often?grandma,奶奶:你...为什么不多来看看我?
TID_NEWS1_CONTEXT_5,Call me...grandma,奶奶:常来电话。
TID_NEWS2_CONTEXT_0,Absolutely disgusting.grandma,奶奶:非常恶心!
TID_NEWS2_CONTEXT_1,You make me sick.grandma,奶奶:你让我觉得恶心!
TID_NEWS2_CONTEXT_2,You disgust me.grandma,奶奶:你恶心死我了.
TID_NEWS2_CONTEXT_3,We rise.grandma,奶奶:该干活了!
TID_NEWS2_CONTEXT_4,It begins.grandma,奶奶:又来了!
TID_NEWS2_CONTEXT_5,It'll all be over soon.grandma,奶奶:这一切终将结束.
TID_NEWS2_CONTEXT_6,You could have stopped it.grandma,奶奶:你得停下来了!
TID_NEWS3_CONTEXT_0,News : cookie farms suspected of employing undeclared elderly workforce!,号外:饼干农场被怀疑雇佣老龄劳动力!
TID_NEWS3_CONTEXT_1,"News : cookie farms release harmful chocolate in our rivers, says scientist!",劲爆:饼干农场向河里排放有害巧克力!
TID_NEWS3_CONTEXT_2,News : genetically-modified chocolate controversy strikes cookie farmers!,!!!==饼干工人罢工 只因抗议转基因饼干==!!!
TID_NEWS3_CONTEXT_3,"News : free-range farm cookies popular with today's hip youth, says specialist.",新闻:开放式饼干农场在肥胖人群中盛行!
TID_NEWS3_CONTEXT_4,"News : farm cookies deemed unfit for vegans, says nutritionist.",素食主义者
TID_NEWS4_CONTEXT_0,News : cookie factories linked to global warming!
TID_NEWS4_CONTEXT_1,News : cookie factories involved in chocolate weather controversy!
TID_NEWS4_CONTEXT_2,"News : cookie factories on strike, robotic minions employed to replace workforce!"
TID_NEWS4_CONTEXT_3,News : cookie factories on strike - workers demand to stop being paid in cookies!
TID_NEWS4_CONTEXT_4,"News : factory-made cookies linked to obesity, says study."
TID_NEWS5_CONTEXT_0,News : 423 miners dead in chocolate mine catastrophe!
TID_NEWS5_CONTEXT_1,News : 621 miners trapped in collapsed chocolate mine!
TID_NEWS5_CONTEXT_2,News : chocolate mines found to cause earthquakes and sink holes!
TID_NEWS5_CONTEXT_3,"News : chocolate mine goes awry, floods village in chocolate!"
TID_NEWS5_CONTEXT_4,"News : depths of chocolate mines found to house 'peculiar, chocolaty beings'!"
TID_NEWS6_CONTEXT_0,"News : new chocolate planet found, becomes target of cookie-trading spaceships!"
TID_NEWS6_CONTEXT_1,News : massive chocolate planet found with 99.8% certified pure dark chocolate core!
TID_NEWS6_CONTEXT_2,News : space tourism booming as distant planets attract more bored millionaires!
TID_NEWS6_CONTEXT_3,News : chocolate-based organisms found on distant planet!
TID_NEWS6_CONTEXT_4,"News : ancient baking artifacts found on distant planet; 'terrifying implications', experts say."
TID_NEWS7_CONTEXT_0,News : national gold reserves dwindle as more and more of the precious mineral is turned to cookies!
TID_NEWS7_CONTEXT_1,"News : chocolate jewelry found fashionable, gold and diamonds 'just a fad', says specialist."
TID_NEWS7_CONTEXT_2,News : silver found to also be transmutable into white chocolate!
TID_NEWS7_CONTEXT_3,"News : defective alchemy lab shut down, found to convert cookies to useless gold."
TID_NEWS7_CONTEXT_4,News : alchemy-made cookies shunned by purists!
TID_NEWS8_CONTEXT_0,News : nation worried as more and more unsettling creatures emerge from dimensional portals!
TID_NEWS8_CONTEXT_1,News : dimensional portals involved in city-engulfing disaster!
TID_NEWS8_CONTEXT_2,News : tourism to cookieverse popular with bored teenagers! Casualty rate as high as 73%!
TID_NEWS8_CONTEXT_3,"News : cookieverse portals suspected to cause fast aging and obsession with baking, says study."
TID_NEWS8_CONTEXT_4,"News : 'do not settle near portals,' says specialist; 'your children will become strange and corrupted inside.'"
TID_NEWS9_CONTEXT_0,News : time machines involved in history-rewriting scandal! Or are they?
TID_NEWS9_CONTEXT_1,News : time machines used in unlawful time tourism!
TID_NEWS9_CONTEXT_2,"News : cookies brought back from the past 'unfit for human consumption', says historian."
TID_NEWS9_CONTEXT_3,News : various historical figures inexplicably replaced with talking lumps of dough!
TID_NEWS9_CONTEXT_4,"News : 'I have seen the future,' says time machine operator, 'and I do not wish to go there again.'"
TID_NEWS10_CONTEXT_0,News : whole town seemingly swallowed by antimatter-induced black hole; more reliable sources affirm town 'never really existed'!
TID_NEWS10_CONTEXT_1,News : 'explain to me again why we need particle accelerators to bake cookies?' asks misguided local woman.
TID_NEWS10_CONTEXT_2,"News : first antimatter condenser successfully turned on, doesn't rip apart reality!"
TID_NEWS10_CONTEXT_3,"News : researchers conclude that what the cookie industry needs, first and foremost, is 'more magnets'."
TID_NEWS10_CONTEXT_4,"News : 'unravelling the fabric of reality just makes these cookies so much tastier', claims scientist."
TID_NEWS11_CONTEXT_0,News : new cookie-producing prisms linked to outbreak of rainbow-related viral videos.
TID_NEWS11_CONTEXT_1,"News : scientists warn against systematically turning light into matter - 'One day, we'll end up with all matter and no light!'"
TID_NEWS11_CONTEXT_2,News : cookies now being baked at the literal speed of light thanks to new prismatic contraptions.
TID_NEWS11_CONTEXT_3,"News : 'Can't you sense the prism watching us?', rambles insane local man. 'No idea what he's talking about', shrugs cookie magnate/government official."
TID_NEWS11_CONTEXT_4,News : world citizens advised 'not to worry' about frequent atmospheric flashes.
TID_NEWS12_CONTEXT_0,"News : cookie manufacturer downsizes, sells own grandmother!"
TID_NEWS12_CONTEXT_1,"It has betrayed us, the filthy little thing.grandma"
TID_NEWS12_CONTEXT_2,"It tried to get rid of us, the nasty little thing.grandma"
TID_NEWS12_CONTEXT_3,It thought we would go away by selling us. How quaint.grandma
TID_NEWS12_CONTEXT_4,I can smell your rotten cookies.grandma
TID_NEWS13_CONTEXT,"News : cookie manufacturer completely forgoes common sense, lets OCD drive building decisions!"
TID_NEWS14_CONTEXT,"News : follow the tear-jerking, riches-to-rags story about a local cookie manufacturer who decided to give it all up!"
TID_NEWS15_CONTEXT,News : known universe now jammed with cookies! No vacancies!
TID_NEWS16_CONTEXT,News : local cookie manufacturer becomes luckiest being alive!
TID_NEWS17_CONTEXT,News : faint meowing heard around local cookie facilities; suggests new ingredient being tested.
TID_NEWS18_CONTEXT,News : crowds of meowing kittens with little hard hats reported near local cookie facilities.
TID_NEWS19_CONTEXT,News : surroundings of local cookie facilities now overrun with kittens in adorable little suits. Authorities advise to stay away from the premises.
TID_NEWS20_CONTEXT,News : locals report troupe of bossy kittens meowing adorable orders at passersby.
TID_NEWS21_CONTEXT,You feel like making cookies. But nobody wants to eat your cookies.
TID_NEWS22_CONTEXT,Your first batch goes to the trash. The neighborhood raccoon barely touches it.
TID_NEWS23_CONTEXT,Your family accepts to try some of your cookies.
TID_NEWS24_CONTEXT,Your cookies are popular in the neighborhood.
TID_NEWS25_CONTEXT,People are starting to talk about your cookies.
TID_NEWS26_CONTEXT,Your cookies are talked about for miles around.
TID_NEWS27_CONTEXT,Your cookies are renowned in the whole town!
TID_NEWS28_CONTEXT,Your cookies bring all the boys to the yard.
TID_NEWS29_CONTEXT,Your cookies now have their own website!
TID_NEWS30_CONTEXT,Your cookies are worth a lot of money.
TID_NEWS31_CONTEXT,Your cookies sell very well in distant countries.
TID_NEWS32_CONTEXT,People come from very far away to get a taste of your cookies.
TID_NEWS33_CONTEXT,Kings and queens from all over the world are enjoying your cookies.
TID_NEWS34_CONTEXT,There are now museums dedicated to your cookies.
TID_NEWS35_CONTEXT,A national day has been created in honor of your cookies.
TID_NEWS36_CONTEXT,Your cookies have been named a part of the world wonders.
TID_NEWS37_CONTEXT,History books now include a whole chapter about your cookies.
TID_NEWS38_CONTEXT,Your cookies have been placed under government surveillance.
TID_NEWS39_CONTEXT,The whole planet is enjoying your cookies!
TID_NEWS40_CONTEXT,Strange creatures from neighboring planets wish to try your cookies.
TID_NEWS41_CONTEXT,Elder gods from the whole cosmos have awoken to taste your cookies.
TID_NEWS42_CONTEXT,Beings from other dimensions lapse into existence just to get a taste of your cookies.
TID_NEWS43_CONTEXT,Your cookies have achieved sentience.
TID_NEWS44_CONTEXT,"The universe has now turned into cookie dough, to the molecular level."
TID_NEWS45_CONTEXT,Your cookies are rewriting the fundamental laws of the universe.
TID_NEWS46_CONTEXT,A local news station runs a 10-minute segment about your cookies. Success!(you win a cookie)
TID_NEWS47_CONTEXT,it's time to stop playing,求你别再玩了...
